{
  "canvas": {
    "version": "2.2.11",
    "width": 2000,
    "height": 2000,
    "scrollTop": -602.8,
    "scrollLeft": -462.6666666666671,
    "zoomLevel": 1,
    "show": {
      "tableComment": true,
      "columnComment": true,
      "columnDataType": true,
      "columnDefault": true,
      "columnAutoIncrement": true,
      "columnPrimaryKey": true,
      "columnUnique": true,
      "columnNotNull": true,
      "relationship": true
    },
    "database": "MySQL",
    "databaseName": "",
    "canvasType": "ERD",
    "language": "GraphQL",
    "tableCase": "pascalCase",
    "columnCase": "camelCase",
    "highlightTheme": "VS2015",
    "bracketType": "none",
    "setting": {
      "relationshipDataTypeSync": true,
      "relationshipOptimization": false,
      "columnOrder": [
        "columnName",
        "columnDataType",
        "columnNotNull",
        "columnUnique",
        "columnAutoIncrement",
        "columnDefault",
        "columnComment"
      ]
    },
    "pluginSerializationMap": {}
  },
  "table": {
    "tables": [
      {
        "name": "system_title",
        "comment": "",
        "columns": [
          {
            "id": "95b3be6b-afdf-417f-bf01-c0b63d98331b",
            "name": "id_title",
            "comment": "",
            "dataType": "int(11)",
            "default": "",
            "option": {
              "autoIncrement": true,
              "primaryKey": true,
              "unique": true,
              "notNull": true
            },
            "ui": {
              "active": false,
              "pk": true,
              "fk": false,
              "pfk": false,
              "widthName": 60,
              "widthComment": 60,
              "widthDataType": 60,
              "widthDefault": 60
            }
          },
          {
            "id": "84bdb16f-6793-47a8-844b-1b282eeb9dc1",
            "name": "system_name",
            "comment": "",
            "dataType": "varchar(100)",
            "default": "",
            "option": {
              "autoIncrement": false,
              "primaryKey": false,
              "unique": false,
              "notNull": true
            },
            "ui": {
              "active": false,
              "pk": false,
              "fk": false,
              "pfk": false,
              "widthName": 82.919921875,
              "widthComment": 60,
              "widthDataType": 75.6962890625,
              "widthDefault": 60
            }
          },
          {
            "id": "cf30b53d-d17e-45c9-ae3f-e064e8465b8a",
            "name": "system_title",
            "comment": "",
            "dataType": "varchar(100)",
            "default": "",
            "option": {
              "autoIncrement": false,
              "primaryKey": false,
              "unique": false,
              "notNull": true
            },
            "ui": {
              "active": false,
              "pk": false,
              "fk": false,
              "pfk": false,
              "widthName": 70.630859375,
              "widthComment": 60,
              "widthDataType": 75.6962890625,
              "widthDefault": 60
            }
          },
          {
            "id": "caf22c9a-9048-4487-a275-14c9984ba945",
            "name": "system_logo",
            "comment": "",
            "dataType": "varchar(100)",
            "default": "",
            "option": {
              "autoIncrement": false,
              "primaryKey": false,
              "unique": false,
              "notNull": true
            },
            "ui": {
              "active": false,
              "pk": false,
              "fk": false,
              "pfk": false,
              "widthName": 74.97900390625,
              "widthComment": 60,
              "widthDataType": 75.6962890625,
              "widthDefault": 60
            }
          }
        ],
        "ui": {
          "active": false,
          "left": 1524.0671,
          "top": 630.0005,
          "zIndex": 6,
          "widthName": 70.630859375,
          "widthComment": 60
        },
        "visible": true,
        "id": "f42d4b24-634f-4067-947e-3cdfb4fea544"
      },
      {
        "name": "tb_consumers",
        "comment": "ugma trabahoa",
        "columns": [
          {
            "name": "con_id",
            "comment": "",
            "dataType": "INT(11)",
            "default": "",
            "option": {
              "autoIncrement": true,
              "primaryKey": true,
              "unique": true,
              "notNull": true
            },
            "ui": {
              "active": false,
              "pk": true,
              "fk": false,
              "pfk": false,
              "widthName": 60,
              "widthComment": 60,
              "widthDataType": 60,
              "widthDefault": 60
            },
            "id": "d3ed9152-5399-45c6-9aa7-f657fb253e93"
          },
          {
            "name": "prk_id",
            "comment": "",
            "dataType": "INT(11)",
            "default": "",
            "option": {
              "autoIncrement": false,
              "primaryKey": false,
              "unique": false,
              "notNull": true
            },
            "ui": {
              "active": false,
              "pk": false,
              "fk": true,
              "pfk": false,
              "widthName": 60,
              "widthComment": 60,
              "widthDataType": 60,
              "widthDefault": 60
            },
            "id": "a8853fa5-d023-4ecc-a86c-70f24796e63b"
          },
          {
            "name": "account_id",
            "comment": "",
            "dataType": "VARCHAR(300)",
            "default": "",
            "option": {
              "autoIncrement": false,
              "primaryKey": false,
              "unique": true,
              "notNull": true
            },
            "ui": {
              "active": false,
              "pk": false,
              "fk": false,
              "pfk": false,
              "widthName": 64.8798828125,
              "widthComment": 60,
              "widthDataType": 94.94873046875,
              "widthDefault": 60
            },
            "id": "14ec5986-f11d-4f5b-8c1c-85dab22ce2a5"
          },
          {
            "name": "con_fname",
            "comment": "",
            "dataType": "VARCHAR(300)",
            "default": "",
            "option": {
              "autoIncrement": false,
              "primaryKey": false,
              "unique": false,
              "notNull": true
            },
            "ui": {
              "active": false,
              "pk": false,
              "fk": false,
              "pfk": false,
              "widthName": 66.32080078125,
              "widthComment": 60,
              "widthDataType": 94.94873046875,
              "widthDefault": 60
            },
            "id": "70656e7b-4384-48f1-8209-842af34238c3"
          },
          {
            "name": "con_lname",
            "comment": "",
            "dataType": "VARCHAR(300)",
            "default": "",
            "option": {
              "autoIncrement": false,
              "primaryKey": false,
              "unique": false,
              "notNull": true
            },
            "ui": {
              "active": false,
              "pk": false,
              "fk": false,
              "pfk": false,
              "widthName": 65.59716796875,
              "widthComment": 60,
              "widthDataType": 94.94873046875,
              "widthDefault": 60
            },
            "id": "d838a0dd-d5d1-40c8-a816-d285ed680ecc"
          },
          {
            "name": "con_email",
            "comment": "optional",
            "dataType": "VARCHAR(300)",
            "default": "",
            "option": {
              "autoIncrement": false,
              "primaryKey": false,
              "unique": false,
              "notNull": true
            },
            "ui": {
              "active": false,
              "pk": false,
              "fk": false,
              "pfk": false,
              "widthName": 61.25537109375,
              "widthComment": 60,
              "widthDataType": 94.94873046875,
              "widthDefault": 60
            },
            "id": "c92f4330-cb09-422c-b269-c327b5943a77"
          },
          {
            "name": "con_cpnumber",
            "comment": "",
            "dataType": "VARCHAR(30)",
            "default": "",
            "option": {
              "autoIncrement": false,
              "primaryKey": false,
              "unique": false,
              "notNull": true
            },
            "ui": {
              "active": false,
              "pk": false,
              "fk": false,
              "pfk": false,
              "widthName": 87.998046875,
              "widthComment": 60,
              "widthDataType": 87.71875,
              "widthDefault": 60
            },
            "id": "15326d16-aa48-4493-80d3-22f4475936e5"
          },
          {
            "name": "con_avatar",
            "comment": "",
            "dataType": "VARCHAR(500)",
            "default": "",
            "option": {
              "autoIncrement": false,
              "primaryKey": false,
              "unique": false,
              "notNull": true
            },
            "ui": {
              "active": false,
              "pk": false,
              "fk": false,
              "pfk": false,
              "widthName": 66.32080078125,
              "widthComment": 60,
              "widthDataType": 94.94873046875,
              "widthDefault": 60
            },
            "id": "877e88f0-0e96-47c8-afcf-91313b23af35"
          }
        ],
        "ui": {
          "active": false,
          "left": 549.6666,
          "top": 536.8663,
          "zIndex": 2,
          "widthName": 83.64990234375,
          "widthComment": 89.45166015625
        },
        "visible": true,
        "id": "a69c8d58-59de-47b8-9b1e-1b826f00fdc4"
      },
      {
        "name": "tb_credentials",
        "comment": "",
        "columns": [
          {
            "name": "cre_id",
            "comment": "",
            "dataType": "INT(11)",
            "default": "",
            "option": {
              "autoIncrement": true,
              "primaryKey": true,
              "unique": true,
              "notNull": true
            },
            "ui": {
              "active": false,
              "pk": true,
              "fk": false,
              "pfk": false,
              "widthName": 60,
              "widthComment": 60,
              "widthDataType": 60,
              "widthDefault": 60
            },
            "id": "da70fe6d-c23a-43dd-a1c7-7e0cd4847ace"
          },
          {
            "name": "con_id",
            "comment": "",
            "dataType": "INT(11)",
            "default": "",
            "option": {
              "autoIncrement": false,
              "primaryKey": false,
              "unique": false,
              "notNull": true
            },
            "ui": {
              "active": false,
              "pk": false,
              "fk": true,
              "pfk": false,
              "widthName": 60,
              "widthComment": 60,
              "widthDataType": 60,
              "widthDefault": 60
            },
            "id": "f6b8d600-2422-402a-b589-e44621cbcca7"
          },
          {
            "name": "cre_username",
            "comment": "",
            "dataType": "VARCHAR(300)",
            "default": "",
            "option": {
              "autoIncrement": false,
              "primaryKey": false,
              "unique": true,
              "notNull": true
            },
            "ui": {
              "active": false,
              "pk": false,
              "fk": false,
              "pfk": false,
              "widthName": 85.09716796875,
              "widthComment": 60,
              "widthDataType": 94.94873046875,
              "widthDefault": 60
            },
            "id": "dead93e9-3385-4b78-b1a6-0160c18d74db"
          },
          {
            "name": "cre_password",
            "comment": "",
            "dataType": "VARCHAR(500)",
            "default": "",
            "option": {
              "autoIncrement": false,
              "primaryKey": false,
              "unique": false,
              "notNull": true
            },
            "ui": {
              "active": false,
              "pk": false,
              "fk": false,
              "pfk": false,
              "widthName": 82.92626953125,
              "widthComment": 60,
              "widthDataType": 94.94873046875,
              "widthDefault": 60
            },
            "id": "4078f68d-b1f0-433b-bb80-e5667f3c2dd0"
          },
          {
            "name": "cre_status",
            "comment": "if 0 meaning block if 1 meaning active",
            "dataType": "INT(11)",
            "default": "",
            "option": {
              "autoIncrement": false,
              "primaryKey": false,
              "unique": false,
              "notNull": true
            },
            "ui": {
              "active": false,
              "pk": false,
              "fk": false,
              "pfk": false,
              "widthName": 61.97265625,
              "widthComment": 120,
              "widthDataType": 60,
              "widthDefault": 60
            },
            "id": "906d5d62-c8fb-4dfc-ba2d-a5e053c4c99c"
          }
        ],
        "ui": {
          "active": false,
          "left": 550.2671,
          "top": 864.6667,
          "zIndex": 7,
          "widthName": 82.93896484375,
          "widthComment": 60
        },
        "visible": true,
        "id": "eb4b7b5d-5523-4192-a9c7-1710da6007a3"
      },
      {
        "name": "tb_prk",
        "comment": "",
        "columns": [
          {
            "name": "prk_id",
            "comment": "",
            "dataType": "INT(11)",
            "default": "",
            "option": {
              "autoIncrement": true,
              "primaryKey": true,
              "unique": true,
              "notNull": true
            },
            "ui": {
              "active": false,
              "pk": true,
              "fk": false,
              "pfk": false,
              "widthName": 60,
              "widthComment": 60,
              "widthDataType": 60,
              "widthDefault": 60
            },
            "id": "37567d9c-a367-4e6d-9edc-b57ec2d8690d"
          },
          {
            "name": "prk_name",
            "comment": "",
            "dataType": "VARCHAR(300)",
            "default": "",
            "option": {
              "autoIncrement": false,
              "primaryKey": false,
              "unique": true,
              "notNull": true
            },
            "ui": {
              "active": false,
              "pk": false,
              "fk": false,
              "pfk": false,
              "widthName": 60,
              "widthComment": 60,
              "widthDataType": 94.94873046875,
              "widthDefault": 60
            },
            "id": "e3f0176a-0cdd-4cc4-adaa-892627ce03d9"
          },
          {
            "name": "prk_sort",
            "comment": "",
            "dataType": "INT(11)",
            "default": "",
            "option": {
              "autoIncrement": false,
              "primaryKey": false,
              "unique": false,
              "notNull": true
            },
            "ui": {
              "active": false,
              "pk": false,
              "fk": false,
              "pfk": false,
              "widthName": 60,
              "widthComment": 60,
              "widthDataType": 60,
              "widthDefault": 60
            },
            "id": "9147a40c-81a4-439d-a39c-0c8ccf006002"
          }
        ],
        "ui": {
          "active": false,
          "left": 565.2444,
          "top": 297.7779,
          "zIndex": 1,
          "widthName": 60,
          "widthComment": 60
        },
        "visible": true,
        "id": "a810bdcc-57e9-42f9-b0cf-0ec8bfbec9f3"
      },
      {
        "name": "tb_owner_meter",
        "comment": "",
        "columns": [
          {
            "name": "owner_id",
            "comment": "",
            "dataType": "INT(11)",
            "default": "",
            "option": {
              "autoIncrement": true,
              "primaryKey": true,
              "unique": true,
              "notNull": true
            },
            "ui": {
              "active": false,
              "pk": true,
              "fk": false,
              "pfk": false,
              "widthName": 60,
              "widthComment": 60,
              "widthDataType": 60,
              "widthDefault": 60
            },
            "id": "c4d14f8d-5890-4f5a-8c9f-a8add3fb1ea8"
          },
          {
            "name": "meter_id",
            "comment": "",
            "dataType": "INT(11)",
            "default": "",
            "option": {
              "autoIncrement": false,
              "primaryKey": false,
              "unique": false,
              "notNull": true
            },
            "ui": {
              "active": false,
              "pk": false,
              "fk": true,
              "pfk": false,
              "widthName": 60,
              "widthComment": 60,
              "widthDataType": 60,
              "widthDefault": 60
            },
            "id": "696ec0c7-bba0-42c1-a832-bbafd75007c9"
          },
          {
            "name": "con_id",
            "comment": "",
            "dataType": "INT(11)",
            "default": "",
            "option": {
              "autoIncrement": false,
              "primaryKey": false,
              "unique": false,
              "notNull": true
            },
            "ui": {
              "active": false,
              "pk": false,
              "fk": true,
              "pfk": false,
              "widthName": 60,
              "widthComment": 60,
              "widthDataType": 60,
              "widthDefault": 60
            },
            "id": "c1c4d312-2ec7-4cd5-abc3-7c5a716a8cf6"
          }
        ],
        "ui": {
          "active": false,
          "left": 1115.2669,
          "top": 360.667,
          "zIndex": 3,
          "widthName": 95.93896484375,
          "widthComment": 60
        },
        "visible": true,
        "id": "161127d5-b490-4e91-8538-323c64473812"
      },
      {
        "name": "tb_meter_num",
        "comment": "",
        "columns": [
          {
            "name": "meter_id",
            "comment": "",
            "dataType": "INT(11)",
            "default": "",
            "option": {
              "autoIncrement": true,
              "primaryKey": true,
              "unique": true,
              "notNull": true
            },
            "ui": {
              "active": false,
              "pk": true,
              "fk": false,
              "pfk": false,
              "widthName": 60,
              "widthComment": 60,
              "widthDataType": 60,
              "widthDefault": 60
            },
            "id": "43d98099-e7ce-48de-bee4-18eaa639c6c7"
          },
          {
            "name": "meter_num",
            "comment": "",
            "dataType": "INT(11)",
            "default": "",
            "option": {
              "autoIncrement": false,
              "primaryKey": false,
              "unique": true,
              "notNull": true
            },
            "ui": {
              "active": false,
              "pk": false,
              "fk": false,
              "pfk": false,
              "widthName": 67.7490234375,
              "widthComment": 60,
              "widthDataType": 60,
              "widthDefault": 60
            },
            "id": "9c716240-a344-4972-bb5b-4e79f2e380d2"
          }
        ],
        "ui": {
          "active": false,
          "left": 1108.7785,
          "top": 571.7772,
          "zIndex": 8,
          "widthName": 85.82080078125,
          "widthComment": 60
        },
        "visible": true,
        "id": "a13ff14e-1e0b-4c72-ad34-bc29f826fb0c"
      },
      {
        "name": "admin_credentials",
        "comment": "",
        "columns": [
          {
            "name": "admin_id",
            "comment": "",
            "dataType": "INT(11)",
            "default": "",
            "option": {
              "autoIncrement": true,
              "primaryKey": true,
              "unique": true,
              "notNull": true
            },
            "ui": {
              "active": false,
              "pk": true,
              "fk": false,
              "pfk": false,
              "widthName": 60,
              "widthComment": 60,
              "widthDataType": 60,
              "widthDefault": 60
            },
            "id": "64d2a381-b2a8-42b0-a1e5-cc335af9a95e"
          },
          {
            "name": "admin_name",
            "comment": "",
            "dataType": "VARCHAR(200)",
            "default": "",
            "option": {
              "autoIncrement": false,
              "primaryKey": false,
              "unique": false,
              "notNull": true
            },
            "ui": {
              "active": false,
              "pk": false,
              "fk": false,
              "pfk": false,
              "widthName": 77.15625,
              "widthComment": 60,
              "widthDataType": 94.94873046875,
              "widthDefault": 60
            },
            "id": "e3d97d42-b25a-455b-94d1-361514fefaa4"
          },
          {
            "name": "admin_profile",
            "comment": "",
            "dataType": "VARCHAR(200)",
            "default": "",
            "option": {
              "autoIncrement": false,
              "primaryKey": false,
              "unique": false,
              "notNull": true
            },
            "ui": {
              "active": false,
              "pk": false,
              "fk": false,
              "pfk": false,
              "widthName": 80.04443359375,
              "widthComment": 60,
              "widthDataType": 94.94873046875,
              "widthDefault": 60
            },
            "id": "dce3dd93-c541-4d0a-aa3d-fb24868ddd5a"
          },
          {
            "name": "admin_uname",
            "comment": "",
            "dataType": "VARCHAR(200)",
            "default": "",
            "option": {
              "autoIncrement": false,
              "primaryKey": false,
              "unique": false,
              "notNull": true
            },
            "ui": {
              "active": false,
              "pk": false,
              "fk": false,
              "pfk": false,
              "widthName": 84.38623046875,
              "widthComment": 60,
              "widthDataType": 94.94873046875,
              "widthDefault": 60
            },
            "id": "07c1ad41-8f59-4623-8261-9ad2ce9f3c09"
          },
          {
            "name": "admin_pass",
            "comment": "",
            "dataType": "VARCHAR(500)",
            "default": "",
            "option": {
              "autoIncrement": false,
              "primaryKey": false,
              "unique": false,
              "notNull": true
            },
            "ui": {
              "active": false,
              "pk": false,
              "fk": false,
              "pfk": false,
              "widthName": 72.09716796875,
              "widthComment": 60,
              "widthDataType": 94.94873046875,
              "widthDefault": 60
            },
            "id": "34f2fe03-5b7b-4e5b-bbc9-a52d12aaed3b"
          }
        ],
        "ui": {
          "active": false,
          "left": 1519.665,
          "top": 407.1837,
          "zIndex": 5,
          "widthName": 107.50439453125,
          "widthComment": 60
        },
        "visible": true,
        "id": "2356af6e-cb6c-4512-958d-beb74fea2773"
      },
      {
        "name": "tb_bill",
        "comment": "",
        "columns": [
          {
            "name": "bill_id",
            "comment": "",
            "dataType": "INT(11)",
            "default": "",
            "option": {
              "autoIncrement": true,
              "primaryKey": true,
              "unique": true,
              "notNull": true
            },
            "ui": {
              "active": false,
              "pk": true,
              "fk": false,
              "pfk": false,
              "widthName": 60,
              "widthComment": 60,
              "widthDataType": 60,
              "widthDefault": 60
            },
            "id": "92a10ed9-ca1a-4a9a-83da-e8e7d84f72d1"
          },
          {
            "name": "con_id",
            "comment": "",
            "dataType": "INT(11)",
            "default": "",
            "option": {
              "autoIncrement": false,
              "primaryKey": false,
              "unique": false,
              "notNull": true
            },
            "ui": {
              "active": false,
              "pk": false,
              "fk": true,
              "pfk": false,
              "widthName": 60,
              "widthComment": 60,
              "widthDataType": 60,
              "widthDefault": 60
            },
            "id": "00990f96-e663-4f04-b325-63ef649b59a6"
          },
          {
            "name": "meter_id",
            "comment": "",
            "dataType": "INT(11)",
            "default": "",
            "option": {
              "autoIncrement": false,
              "primaryKey": false,
              "unique": false,
              "notNull": true
            },
            "ui": {
              "active": false,
              "pk": false,
              "fk": true,
              "pfk": false,
              "widthName": 60,
              "widthComment": 60,
              "widthDataType": 60,
              "widthDefault": 60
            },
            "id": "c25d2de2-6f72-4b21-b9b6-1e43fb463d12"
          },
          {
            "name": "previous_reading",
            "comment": "",
            "dataType": "INT(11)",
            "default": "",
            "option": {
              "autoIncrement": false,
              "primaryKey": false,
              "unique": false,
              "notNull": true
            },
            "ui": {
              "active": false,
              "pk": false,
              "fk": false,
              "pfk": false,
              "widthName": 101.734375,
              "widthComment": 60,
              "widthDataType": 60,
              "widthDefault": 60
            },
            "id": "f4b67146-4b98-4287-8811-4982254f4780"
          },
          {
            "name": "current_reading",
            "comment": "",
            "dataType": "INT(11)",
            "default": "",
            "option": {
              "autoIncrement": false,
              "primaryKey": false,
              "unique": false,
              "notNull": true
            },
            "ui": {
              "active": false,
              "pk": false,
              "fk": false,
              "pfk": false,
              "widthName": 93.05712890625,
              "widthComment": 60,
              "widthDataType": 60,
              "widthDefault": 60
            },
            "id": "97d36f63-b2eb-45b4-8eb4-4966a2b8f516"
          },
          {
            "name": "monthly_bill",
            "comment": "",
            "dataType": "VARCHAR(300)",
            "default": "",
            "option": {
              "autoIncrement": false,
              "primaryKey": false,
              "unique": false,
              "notNull": true
            },
            "ui": {
              "active": false,
              "pk": false,
              "fk": false,
              "pfk": false,
              "widthName": 70.6435546875,
              "widthComment": 60,
              "widthDataType": 94.94873046875,
              "widthDefault": 60
            },
            "id": "e1bfeb2d-2feb-459d-a20d-61dc73fd4a9a"
          },
          {
            "name": "total_ammount",
            "comment": "",
            "dataType": "INT(11)",
            "default": "",
            "option": {
              "autoIncrement": false,
              "primaryKey": false,
              "unique": false,
              "notNull": true
            },
            "ui": {
              "active": false,
              "pk": false,
              "fk": false,
              "pfk": false,
              "widthName": 87.99169921875,
              "widthComment": 60,
              "widthDataType": 60,
              "widthDefault": 60
            },
            "id": "2eaece22-6406-4e6d-9214-65287b8204fb"
          },
          {
            "name": "arrears",
            "comment": "",
            "dataType": "INT(11)",
            "default": "",
            "option": {
              "autoIncrement": false,
              "primaryKey": false,
              "unique": false,
              "notNull": true
            },
            "ui": {
              "active": false,
              "pk": false,
              "fk": false,
              "pfk": false,
              "widthName": 60,
              "widthComment": 60,
              "widthDataType": 60,
              "widthDefault": 60
            },
            "id": "d9677a69-d0d9-4131-af42-efaa0f3624f9"
          },
          {
            "name": "date_issued",
            "comment": "",
            "dataType": "VARCHAR(300)",
            "default": "",
            "option": {
              "autoIncrement": false,
              "primaryKey": false,
              "unique": false,
              "notNull": true
            },
            "ui": {
              "active": false,
              "pk": false,
              "fk": false,
              "pfk": false,
              "widthName": 72.10986328125,
              "widthComment": 60,
              "widthDataType": 94.94873046875,
              "widthDefault": 60
            },
            "id": "58c55510-7de2-4cb4-99f3-27f3f26ddd4b"
          }
        ],
        "ui": {
          "active": false,
          "left": 1152.0005,
          "top": 802.2507,
          "zIndex": 4,
          "widthName": 60,
          "widthComment": 60
        },
        "visible": true,
        "id": "cdd5438f-cc58-4b31-be21-d817f19ad53c"
      }
    ],
    "indexes": []
  },
  "memo": {
    "memos": []
  },
  "relationship": {
    "relationships": [
      {
        "identification": false,
        "relationshipType": "OneOnly",
        "startRelationshipType": "Dash",
        "start": {
          "tableId": "a69c8d58-59de-47b8-9b1e-1b826f00fdc4",
          "columnIds": [
            "d3ed9152-5399-45c6-9aa7-f657fb253e93"
          ],
          "x": 778.139988671875,
          "y": 769.8663,
          "direction": "bottom"
        },
        "end": {
          "tableId": "eb4b7b5d-5523-4192-a9c7-1710da6007a3",
          "columnIds": [
            "f6b8d600-2422-402a-b589-e44621cbcca7"
          ],
          "x": 807.29004921875,
          "y": 864.6667,
          "direction": "top"
        },
        "constraintName": "fk_tb_consumer_to_tb_credential",
        "visible": true,
        "id": "21ac5c4a-7fac-4bd5-8eac-eefa6b083dd3"
      },
      {
        "identification": false,
        "relationshipType": "ZeroN",
        "startRelationshipType": "Dash",
        "start": {
          "tableId": "a810bdcc-57e9-42f9-b0cf-0ec8bfbec9f3",
          "columnIds": [
            "37567d9c-a367-4e6d-9edc-b57ec2d8690d"
          ],
          "x": 779.718765234375,
          "y": 428.2779,
          "direction": "bottom"
        },
        "end": {
          "tableId": "a69c8d58-59de-47b8-9b1e-1b826f00fdc4",
          "columnIds": [
            "a8853fa5-d023-4ecc-a86c-70f24796e63b"
          ],
          "x": 778.139988671875,
          "y": 536.8663,
          "direction": "top"
        },
        "constraintName": "fk_tb_prk_to_tb_consumers",
        "visible": true,
        "id": "d28150d7-ba95-4331-ad71-13deb3738715"
      },
      {
        "identification": false,
        "relationshipType": "OneN",
        "startRelationshipType": "Dash",
        "start": {
          "tableId": "a69c8d58-59de-47b8-9b1e-1b826f00fdc4",
          "columnIds": [
            "d3ed9152-5399-45c6-9aa7-f657fb253e93"
          ],
          "x": 1006.61337734375,
          "y": 595.1163,
          "direction": "right"
        },
        "end": {
          "tableId": "161127d5-b490-4e91-8538-323c64473812",
          "columnIds": [
            "c1c4d312-2ec7-4cd5-abc3-7c5a716a8cf6"
          ],
          "x": 1115.2669,
          "y": 425.917,
          "direction": "left"
        },
        "constraintName": "fk_tb_consumers_to_tb_meter_num",
        "visible": true,
        "id": "d2f91503-feb2-41c4-8b7f-4d50d2c44303"
      },
      {
        "identification": false,
        "relationshipType": "OneN",
        "startRelationshipType": "Dash",
        "start": {
          "tableId": "a13ff14e-1e0b-4c72-ad34-bc29f826fb0c",
          "columnIds": [
            "43d98099-e7ce-48de-bee4-18eaa639c6c7"
          ],
          "x": 1309.65301171875,
          "y": 571.7772,
          "direction": "top"
        },
        "end": {
          "tableId": "161127d5-b490-4e91-8538-323c64473812",
          "columnIds": [
            "696ec0c7-bba0-42c1-a832-bbafd75007c9"
          ],
          "x": 1312.2669,
          "y": 491.167,
          "direction": "bottom"
        },
        "constraintName": "fk_tb_meter_num_to_tb_owner_meter",
        "visible": true,
        "id": "cd8f8905-1615-479e-9062-ccad3267d593"
      },
      {
        "identification": false,
        "relationshipType": "OneN",
        "startRelationshipType": "Dash",
        "start": {
          "tableId": "a69c8d58-59de-47b8-9b1e-1b826f00fdc4",
          "columnIds": [
            "d3ed9152-5399-45c6-9aa7-f657fb253e93"
          ],
          "x": 1006.61337734375,
          "y": 711.6163,
          "direction": "right"
        },
        "end": {
          "tableId": "cdd5438f-cc58-4b31-be21-d817f19ad53c",
          "columnIds": [
            "00990f96-e663-4f04-b325-63ef649b59a6"
          ],
          "x": 1152.0005,
          "y": 929.0007,
          "direction": "left"
        },
        "constraintName": "fk_tb_consumers_to_tb_bill",
        "visible": true,
        "id": "60706ce7-5b41-4231-99b8-5fdce8a8303e"
      },
      {
        "identification": false,
        "relationshipType": "OneN",
        "startRelationshipType": "Dash",
        "start": {
          "tableId": "a13ff14e-1e0b-4c72-ad34-bc29f826fb0c",
          "columnIds": [
            "43d98099-e7ce-48de-bee4-18eaa639c6c7"
          ],
          "x": 1309.65301171875,
          "y": 681.7772,
          "direction": "bottom"
        },
        "end": {
          "tableId": "cdd5438f-cc58-4b31-be21-d817f19ad53c",
          "columnIds": [
            "c25d2de2-6f72-4b21-b9b6-1e43fb463d12"
          ],
          "x": 1387.342052734375,
          "y": 802.2507,
          "direction": "top"
        },
        "constraintName": "fk_tb_meter_num_to_tb_bill",
        "visible": true,
        "id": "d9132237-1aca-4404-9ab3-d584da1b8947"
      }
    ]
  }
}